specimen,condition,region,position,load,plane,lineOfAction,momentArm,stabilityRatio
S1,split50,ss1,abd0,0N,SP,181.4394116465069,6.932650919096311,0.0251264341108573
S1,split50,ss2,abd0,0N,SP,175.3573952468979,0.9002354510542279,-0.0812075849935518
S1,split50,ss3,abd0,0N,SP,161.76538032280686,-9.416776388467492,-0.3294543709090788
S1,split50,ss4,abd0,0N,SP,154.30760315231606,-10.99125437781825,-0.481110511716895
S1,split50,ss1,abd0,0N,TP,189.11952181104863,29.870416647979887,-0.1605235291667912
S1,split50,ss2,abd0,0N,TP,198.0823079746311,34.894055312401946,-0.326493450178199
S1,split50,ss3,abd0,0N,TP,196.22505715587943,25.955530511256075,-0.2909995534159874
S1,split50,ss4,abd0,0N,TP,193.9374709332893,21.42126294113216,-0.2481679704982752
S1,split50,ss1,abd0,20N,SP,181.44550778264664,6.748728483579859,0.0252341755308952
S1,split50,ss2,abd0,20N,SP,174.83694217399716,1.2636708675055714,-0.0903585144799773
S1,split50,ss3,abd0,20N,SP,162.70703219332546,-9.621789440381376,-0.3113311634358772
S1,split50,ss4,abd0,20N,SP,153.7537783023716,-9.973804923204373,-0.4930728698522947
S1,split50,ss1,abd0,20N,TP,182.87721389817128,26.089519617458148,-0.0502566708604312
S1,split50,ss2,abd0,20N,TP,196.86749313406776,35.21956040768209,-0.3031608601261389
S1,split50,ss3,abd0,20N,TP,194.81626072057108,24.646224664859677,-0.2645150256409371
S1,split50,ss4,abd0,20N,TP,190.00781038263256,18.488476371217345,-0.1764675232291223
S1,split50,ss1,abd0,40N,SP,179.13387133677713,7.025155192273563,-0.0151210212406936
S1,split50,ss2,abd0,40N,SP,175.8637132093142,-1.1129228341078494,-0.0723194458368331
S1,split50,ss3,abd0,40N,SP,162.31467050481066,-10.961071099945752,-0.318859826087365
S1,split50,ss4,abd0,40N,SP,153.64163991676665,-11.67011892416864,-0.4954991161168507
S1,split50,ss1,abd0,40N,TP,186.4803568864894,28.482205243157303,-0.1135883343690739
S1,split50,ss2,abd0,40N,TP,205.12825471730807,38.40085776781597,-0.4690357160210173
S1,split50,ss3,abd0,40N,TP,194.09184814658383,24.037471056734518,-0.2510303134156162
S1,split50,ss4,abd0,40N,TP,190.0184507616441,18.876032923819857,-0.1766589941801223
S1,split50,ss1,abd90,0N,SP,159.7136760531594,18.00580724025331,-0.3696400785767325
S1,split50,ss2,abd90,0N,SP,150.33341250941555,16.707732526975857,-0.569655751714583
S1,split50,ss3,abd90,0N,SP,142.29103019030669,-0.0269956435619091,-0.7731379315578139
S1,split50,ss4,abd90,0N,SP,140.8726891873012,-4.109792567276828,-0.8133847682975363
S1,split50,ss1,abd90,0N,TP,220.9938907478235,36.707933488900906,-0.8691000716890842
S1,split50,ss2,abd90,0N,TP,218.9825486321768,36.23424052410213,-0.809281504018645
S1,split50,ss3,abd90,0N,TP,196.08042849267144,21.71150154116225,-0.2882651602626613
S1,split50,ss4,abd90,0N,TP,194.983847336104,20.82942600120305,-0.2676470573362948
S1,split50,ss1,abd90,20N,SP,159.75391392152775,17.646270393369154,-0.3688492472186266
S1,split50,ss2,abd90,20N,SP,150.22002087953192,15.88624925313997,-0.5722541420841816
S1,split50,ss3,abd90,20N,SP,134.2626246298334,0.0977679251699822,-1.0260674010852946
S1,split50,ss4,abd90,20N,SP,139.40110477343043,-6.560262144495549,-0.8570258915073242
S1,split50,ss1,abd90,20N,TP,219.83414092627825,36.68419677243108,-0.8341785984678436
S1,split50,ss2,abd90,20N,TP,219.83414092627825,36.68419677243108,-0.8341785984678436
S1,split50,ss3,abd90,20N,TP,195.09228164578928,18.871896001212185,-0.2696761950046631
S1,split50,ss4,abd90,20N,TP,194.89819211214527,17.99485589245046,-0.2660456394405945
S1,split50,ss1,abd90,40N,SP,161.24205160254297,16.466691270338025,-0.3396157637971943
S1,split50,ss2,abd90,40N,SP,151.68429153033344,14.37381694799565,-0.5388838306360515
S1,split50,ss3,abd90,40N,SP,142.8541402722095,-5.412587066713071,-0.757553040865791
S1,split50,ss4,abd90,40N,SP,143.98886231259786,-10.567425772404931,-0.726760883027196
S1,split50,ss1,abd90,40N,TP,220.2358742079619,36.3111102057393,-0.8461393476958451
S1,split50,ss2,abd90,40N,TP,221.4233548376205,37.14522410971559,-0.8823432939173997
S1,split50,ss3,abd90,40N,TP,209.60024803444944,24.26434632220328,-0.5680847910759003
S1,split50,ss4,abd90,40N,TP,191.13444968649603,15.833682794652164,-0.1968166774723911
S1,split50,ss1,ABER,0N,SP,143.80177756069563,24.61247017986874,-0.7319746055306872
S1,split50,ss2,ABER,0N,SP,140.13405037817935,23.868251490058817,-0.8351600421879233
S1,split50,ss3,ABER,0N,SP,126.45277432777164,14.00951382165466,-1.3537487647857909
S1,split50,ss4,ABER,0N,SP,125.27789839613868,7.860354829637106,-1.413475874949258
S1,split50,ss1,ABER,0N,TP,179.8311187142216,19.541288313129986,0.0029475430179492
S1,split50,ss2,ABER,0N,TP,190.63880208843136,23.247026779102903,-0.1878459449411871
S1,split50,ss3,ABER,0N,TP,166.26930872172505,19.93196916737025,0.2443438271643868
S1,split50,ss4,ABER,0N,TP,194.88912165732992,30.38561155234005,-0.2658740324482253
S1,split50,ss1,ABER,20N,SP,152.9608468689744,21.902241938414225,-0.5104671064241059
S1,split50,ss2,ABER,20N,SP,136.6851698512891,25.26537693007226,-0.9432556915718894
S1,split50,ss3,ABER,20N,SP,120.50579322245513,13.89448218313658,-1.6972675964670465
S1,split50,ss4,ABER,20N,SP,117.7707282431505,7.224608587532751,-1.8989975333233688
S1,split50,ss1,ABER,20N,TP,184.65790476620552,21.477448645310865,-0.0814753438096839
S1,split50,ss2,ABER,20N,TP,190.9803338844605,22.99767073139521,-0.1940241255995716
S1,split50,ss3,ABER,20N,TP,172.3713065258925,21.4881415223528,0.1339382328801419
S1,split50,ss4,ABER,20N,TP,201.98890524444136,31.21407071795523,-0.4038009941872131
S1,split50,ss1,ABER,40N,SP,142.6528931103025,25.333044975059355,-0.7631033736400136
S1,split50,ss2,ABER,40N,SP,140.2454290045168,24.012059026540918,-0.8319350140206296
S1,split50,ss3,ABER,40N,SP,120.08968994002984,13.18113599657974,-1.725804891047918
S1,split50,ss4,ABER,40N,SP,115.89666019051008,6.653591403158011,-2.059710144933833
S1,split50,ss1,ABER,40N,TP,193.9563527247544,23.954222062928768,-0.2485190115046096
S1,split50,ss2,ABER,40N,TP,176.0286691255708,17.70265473660715,0.0694240121673394
S1,split50,ss3,ABER,40N,TP,170.31744200991105,21.282537938365788,0.170619831539278
S1,split50,ss4,ABER,40N,TP,207.3604728151795,31.115100221576025,-0.5174755465070577
S1,split50,ss1,APP,0N,SP,154.7558893461245,20.655127019990022,-0.4715784840512408
S1,split50,ss2,APP,0N,SP,146.065895079599,21.99105026267387,-0.6728460130714372
S1,split50,ss3,APP,0N,SP,123.69679109136538,10.149391008835147,-1.4996175268615335
S1,split50,ss4,APP,0N,SP,130.11918691740695,4.467611322133962,-1.1867288413644412
S1,split50,ss1,APP,0N,TP,194.3957352212456,31.053224388939515,-0.2566770204500931
S1,split50,ss2,APP,0N,TP,186.4502597979786,28.49174149247,-0.1130562952791122
S1,split50,ss3,APP,0N,TP,158.8700009877366,21.84509496871429,0.3864702680852817
S1,split50,ss4,APP,0N,TP,193.0034279356823,31.372840745075308,-0.230930012374674
S1,split50,ss1,APP,20N,SP,156.4545870207061,19.829795725811568,-0.4357748795733039
S1,split50,ss2,APP,20N,SP,145.23196227044934,22.12633239130292,-0.6941913344292229
S1,split50,ss3,APP,20N,SP,121.3816601289602,9.76614414595706,-1.6394413023676546
S1,split50,ss4,APP,20N,SP,123.700890161584,3.8809351296793744,-1.499384718846383
S1,split50,ss1,APP,20N,TP,186.2226258796566,28.547351668688343,-0.1090343379860367
S1,split50,ss2,APP,20N,TP,188.10655590190996,27.775722334541552,-0.1424378173304161
S1,split50,ss3,APP,20N,TP,164.7446613857689,23.32840669787929,0.2727313963896349
S1,split50,ss4,APP,20N,TP,194.86750862386376,31.046996057986984,-0.2654722883615494
S1,split50,ss1,APP,40N,SP,157.0257717233811,20.01601463696913,-0.4239514315784262
S1,split50,ss2,APP,40N,SP,145.7280497936342,22.27063405666895,-0.6814552011885459
S1,split50,ss3,APP,40N,SP,120.02606103468617,9.234929707364545,-1.7302309039847896
S1,split50,ss4,APP,40N,SP,125.3561720189564,3.019874358272642,-1.4094178184847483
S1,split50,ss1,APP,40N,TP,192.60368097809703,29.48067996953673,-0.2235939390057051
S1,split50,ss2,APP,40N,TP,176.54041911652672,23.453379261275533,0.0604545649376982
S1,split50,ss3,APP,40N,TP,163.30512040558614,22.804470187689464,0.2999169686062208
S1,split50,ss4,APP,40N,TP,194.3050007172053,30.589725543093557,-0.2549897555252332
S2,split50,ss1,abd0,0N,SP,167.78864850012616,15.5280069353125,-0.216403909926126
S2,split50,ss2,abd0,0N,SP,156.2204276357944,12.944399766824873,-0.4406084152011418
S2,split50,ss3,abd0,0N,SP,159.8706595642921,4.399818980021843,-0.3665278727594372
S2,split50,ss4,abd0,0N,SP,149.01338886778407,-11.287853426264848,-0.6005426150570549
S2,split50,ss1,abd0,0N,TP,164.316451919209,19.07128118489141,0.280777520972236
S2,split50,ss2,abd0,0N,TP,180.2923836491245,22.21504797584646,-0.0051031016533246
S2,split50,ss3,abd0,0N,TP,179.7791304134349,24.40899903530402,0.0038549205980017
S2,split50,ss4,abd0,0N,TP,196.6450771488424,23.643150945778835,-0.2989698124325199
S2,split50,ss1,abd0,20N,SP,169.22648368600665,17.001371862186616,-0.1902774152535847
S2,split50,ss2,abd0,20N,SP,161.54170978970762,13.60745446083615,-0.3337906892911121
S2,split50,ss3,abd0,20N,SP,156.5047994964028,6.419276794356359,-0.4347125739823325
S2,split50,ss4,abd0,20N,SP,151.5269149089617,-13.149600373034207,-0.5423475539939928
S2,split50,ss1,abd0,20N,TP,164.58250209414194,18.19585700255349,0.2757744851081023
S2,split50,ss2,abd0,20N,TP,170.36357265400312,20.402102288663237,0.1697913752521069
S2,split50,ss3,abd0,20N,TP,178.13793821653564,23.793493134125224,0.0325105556001819
S2,split50,ss4,abd0,20N,TP,205.9409398342116,21.65920237255208,-0.4864572264225112
S2,split50,ss1,abd0,40N,SP,170.35923447407592,17.14164753184183,-0.1698646292363514
S2,split50,ss2,abd0,40N,SP,159.36845662821878,14.305594685474723,-0.3764076743936292
S2,split50,ss3,abd0,40N,SP,156.7745651511005,6.227862115269282,-0.4291041822205835
S2,split50,ss4,abd0,40N,SP,154.002416641115,-13.918766041663838,-0.4876794058940622
S2,split50,ss1,abd0,40N,TP,164.46641363569768,17.255408791353794,0.2779559228462772
S2,split50,ss2,abd0,40N,TP,170.32698872758948,19.119620532984733,0.1704483642117954
S2,split50,ss3,abd0,40N,TP,177.65288544374565,22.12908461278381,0.0409878069953447
S2,split50,ss4,abd0,40N,TP,204.6990112214871,18.681782932460337,-0.4599277022784642
S2,split50,ss1,abd90,0N,SP,141.6359824741289,29.33659772951365,-0.7915728749613695
S2,split50,ss2,abd90,0N,SP,150.97497608992668,24.057601882817668,-0.5550484084040466
S2,split50,ss3,abd90,0N,SP,140.83762946748837,17.194600196181312,-0.8144880071401857
S2,split50,ss4,abd90,0N,SP,131.86545373291398,1.826190422926868,-1.115870828544005
S2,split50,ss1,abd90,0N,TP,178.00449529303833,21.420810822039037,0.0348422163665103
S2,split50,ss2,abd90,0N,TP,178.81794558563786,23.08213141251932,0.0206336689703378
S2,split50,ss3,abd90,0N,TP,164.4788731219836,18.926825294326463,0.277721677165529
S2,split50,ss4,abd90,0N,TP,197.24105766055885,22.338218941617797,-0.3103371406252462
S2,split50,ss1,abd90,20N,SP,145.0544391506605,28.547470034095547,-0.6987924908950265
S2,split50,ss2,abd90,20N,SP,150.98010346497333,23.95455909849696,-0.5547630975253716
S2,split50,ss3,abd90,20N,SP,138.31767710926627,18.078211473813223,-0.8904142150024958
S2,split50,ss4,abd90,20N,SP,127.57712136448175,3.622710698086904,-1.2995996306547726
S2,split50,ss1,abd90,20N,TP,149.52329884111936,10.931260667046397,0.5884974120315926
S2,split50,ss2,abd90,20N,TP,179.7556298669535,23.38059536894336,0.0042650892768578
S2,split50,ss3,abd90,20N,TP,177.61333399760127,21.46520227030457,0.0416792893383119
S2,split50,ss4,abd90,20N,TP,199.48412929305192,21.109253520712496,-0.3538068717067017
S2,split50,ss1,abd90,40N,SP,144.61060662771055,28.08296895387521,-0.7103850639203979
S2,split50,ss2,abd90,40N,SP,148.03594622491974,24.88668903044189,-0.6241139948693549
S2,split50,ss3,abd90,40N,SP,135.43443828838568,17.712092228212185,-0.9848428796684692
S2,split50,ss4,abd90,40N,SP,122.60488213309398,4.368282168844453,-1.563296566184307
S2,split50,ss1,abd90,40N,TP,176.43934283529134,20.576111923046277,0.0622253169294929
S2,split50,ss2,abd90,40N,TP,163.91379708922506,15.68920896738908,0.2883743207545043
S2,split50,ss3,abd90,40N,TP,159.91810442582897,15.54445177475116,0.3655897771743853
S2,split50,ss4,abd90,40N,TP,213.87197073324307,22.394460252921363,-0.6712622453357473
S2,split50,ss1,ABER,0N,SP,149.66542771439038,28.173424240427224,-0.5851897238125945
S2,split50,ss2,ABER,0N,SP,152.92831494077996,25.14494657235541,-0.5111024564139387
S2,split50,ss3,ABER,0N,SP,142.92924617824434,17.945457323827203,-0.7554941414823103
S2,split50,ss4,ABER,0N,SP,142.90077055865086,0.0037996307789381,-0.7562638907184015
S2,split50,ss1,ABER,0N,TP,159.09133078464583,-3.0621885085363854,0.3820362471570045
S2,split50,ss2,ABER,0N,TP,194.64159078712507,14.726589431392286,-0.2612557843383312
S2,split50,ss3,ABER,0N,TP,181.57515991502825,11.316654459122017,-0.027498654886631
S2,split50,ss4,ABER,0N,TP,210.66360194785844,25.77331233511193,-0.5928976465927522
S2,split50,ss1,ABER,20N,SP,145.57851365761837,28.70290715898001,-0.6852652553595953
S2,split50,ss2,ABER,20N,SP,144.87686599363684,27.334978794273805,-0.7034151443204198
S2,split50,ss3,ABER,20N,SP,137.215865396295,19.26873045015485,-0.9254959384432948
S2,split50,ss4,ABER,20N,SP,127.22835485074556,3.9705289533653976,-1.3160983811868685
S2,split50,ss1,ABER,20N,TP,159.51753276796344,-2.078955472897696,0.373535938548082
S2,split50,ss2,ABER,20N,TP,148.5213207593941,-7.609264982694333,0.6122890480266142
S2,split50,ss3,ABER,20N,TP,175.6816358261094,8.316954016965088,0.0755127128401842
S2,split50,ss4,ABER,20N,TP,236.60483441381723,23.61668022778428,-1.5168580838664938
S2,split50,ss1,ABER,40N,SP,146.0051051361164,27.75126066641105,-0.6743963312818222
S2,split50,ss2,ABER,40N,SP,147.48927982662508,25.512058759433582,-0.637346399022158
S2,split50,ss3,ABER,40N,SP,136.07337905941847,18.611576197219826,-0.9632263170573496
S2,split50,ss4,ABER,40N,SP,127.26833068397748,2.9648532266821146,-1.314192069582037
S2,split50,ss1,ABER,40N,TP,144.7188315953803,-9.36607080103116,0.7075461380906733
S2,split50,ss2,ABER,40N,TP,180.92172523976944,8.767672698304304,-0.0160885281403338
S2,split50,ss3,ABER,40N,TP,173.26645724778538,6.744004683897391,0.1180665526480619
S2,split50,ss4,ABER,40N,TP,237.40596867257293,23.116905762545656,-1.5640153568714796
S2,split50,ss1,APP,0N,SP,150.26602070448774,27.17689713393224,-0.571179590946465
S2,split50,ss2,APP,0N,SP,150.4647022631715,25.09267287116582,-0.5665863242208777
S2,split50,ss3,APP,0N,SP,132.94418763614806,18.93282845138797,-1.0744502754314205
S2,split50,ss4,APP,0N,SP,143.9570662764226,-2.702500589742713,-0.7276859168468709
S2,split50,ss1,APP,0N,TP,148.77906954014142,0.5190350880636794,0.6061209287295997
S2,split50,ss2,APP,0N,TP,164.13683294290843,9.08625337461005,0.2841626005981185
S2,split50,ss3,APP,0N,TP,174.85270308781267,15.921016296352157,0.090079745817692
S2,split50,ss4,APP,0N,TP,206.390086277124,22.416602500532424,-0.4961886527336844
S2,split50,ss1,APP,20N,SP,,,
S2,split50,ss2,APP,20N,SP,,,
S2,split50,ss3,APP,20N,SP,,,
S2,split50,ss4,APP,20N,SP,,,
S2,split50,ss1,APP,20N,TP,181.6343770792767,25.912254196745376,-0.0285330006833625
S2,split50,ss2,APP,20N,TP,143.73323760876195,7.808772375439212,0.7336802792035225
S2,split50,ss3,APP,20N,TP,137.41533539637453,3.067697569685886,0.9190532876208584
S2,split50,ss4,APP,20N,TP,230.60307520374403,17.188083276406783,-1.217553154208226
S2,split50,ss1,APP,40N,SP,150.6207756188801,26.864452299056072,-0.563030770929173
S2,split50,ss2,APP,40N,SP,147.76078853838598,26.04199659467326,-0.6307091488655002
S2,split50,ss3,APP,40N,SP,132.23995419216686,18.64962676264597,-1.1012995643510524
S2,split50,ss4,APP,40N,SP,147.07406852873103,-3.90343116381177,-0.6475545602591255
S2,split50,ss1,APP,40N,TP,136.27508992876128,2.6355656085154777,0.956452897179972
S2,split50,ss2,APP,40N,TP,139.95888886093212,5.681525307574614,0.8403230934322393
S2,split50,ss3,APP,40N,TP,176.91309637113935,23.44894177567923,0.0539288216928132
S2,split50,ss4,APP,40N,TP,230.81601421021804,16.691376862375215,-1.2268210737734535
S3,split50,ss1,abd0,0N,SP,179.244147602398,26.14674995156972,-0.0131924182905088
S3,split50,ss2,abd0,0N,SP,150.278479610088,23.58556582362571,-0.5708847431823088
S3,split50,ss3,abd0,0N,SP,157.52517260308576,13.43104822147582,-0.4136988282831256
S3,split50,ss4,abd0,0N,SP,154.9949135499298,-8.75736689566642,-0.4664156902736092
S3,split50,ss1,abd0,0N,TP,154.5629349936383,3.759842251353228,0.4756279179309325
S3,split50,ss2,abd0,0N,TP,155.1452632833807,5.00225432823031,0.46322468606468
S3,split50,ss3,abd0,0N,TP,163.85115534342577,11.929158423814687,0.2895589183670789
S3,split50,ss4,abd0,0N,TP,190.3407498390691,27.529049312507507,-0.1824657386481046
S3,split50,ss1,abd0,20N,SP,179.64235462129318,27.113644137688723,-0.0062421704857852
S3,split50,ss2,abd0,20N,SP,151.56436992925168,23.74853417043292,-0.5415019194837871
S3,split50,ss3,abd0,20N,SP,156.49257693960476,12.691433879907471,-0.434966430620133
S3,split50,ss4,abd0,20N,SP,146.0392245302004,-11.254560568033384,-0.6735119097888163
S3,split50,ss1,abd0,20N,TP,168.9991552248455,13.942955096311216,0.1943956103764841
S3,split50,ss2,abd0,20N,TP,161.293469203809,9.485954417911284,0.3386083736496024
S3,split50,ss3,abd0,20N,TP,161.48330410532114,14.09001772303957,0.3349193726574782
S3,split50,ss4,abd0,20N,TP,190.28521294970187,29.190930537074426,-0.1814642255513128
S3,split50,ss1,abd0,40N,SP,183.28529066066812,25.641067386009222,0.057402061095737
S3,split50,ss2,abd0,40N,SP,147.21258344393485,23.822397149842065,-0.6441452299579972
S3,split50,ss3,abd0,40N,SP,155.2238423306881,12.78037189591824,-0.4615599949054094
S3,split50,ss4,abd0,40N,SP,146.432394460625,-12.007631253419252,-0.663583750031416
S3,split50,ss1,abd0,40N,TP,147.1718502031757,5.86708021240162,0.6451516010704077
S3,split50,ss2,abd0,40N,TP,145.0710635473974,6.158718249697796,0.6983607443174275
S3,split50,ss3,abd0,40N,TP,157.69940148241673,14.033360627362669,0.4101414744525943
S3,split50,ss4,abd0,40N,TP,188.84654199628147,27.46527678154208,-0.1556401468100169
S3,split50,ss1,abd90,0N,SP,173.14811417195116,20.6206629371138,-0.1201613349321031
S3,split50,ss2,abd90,0N,SP,150.37078531939426,25.593852414399933,-0.5687537021652405
S3,split50,ss3,abd90,0N,SP,133.55426315697616,21.014745339395244,-1.0517833695693637
S3,split50,ss4,abd90,0N,SP,148.6763454710912,0.4638765350163939,-0.6085753497838376
S3,split50,ss1,abd90,0N,TP,177.8694763344605,13.91539314632084,0.0372018006261467
S3,split50,ss2,abd90,0N,TP,178.30225239058908,13.745736278933778,0.0296399609177831
S3,split50,ss3,abd90,0N,TP,165.66579559679607,13.049559280013543,0.2555326672184059
S3,split50,ss4,abd90,0N,TP,194.84979088994533,26.457341716045235,-0.265143941617532
S3,split50,ss1,abd90,20N,SP,172.27064491219866,21.199561065760115,-0.1357270496419471
S3,split50,ss2,abd90,20N,SP,150.88004760172362,25.63340642027661,-0.557049064964853
S3,split50,ss3,abd90,20N,SP,140.04902737174595,20.57787866554744,-0.8376428696398037
S3,split50,ss4,abd90,20N,SP,142.6708339396307,0.8032244135550465,-0.7626006741631808
S3,split50,ss1,abd90,20N,TP,169.22626910104324,9.948288034541756,0.1902850775139269
S3,split50,ss2,abd90,20N,TP,173.83418713322249,12.311831965430663,0.1080310836759842
S3,split50,ss3,abd90,20N,TP,170.339198802214,15.06269419923083,0.1702290748768383
S3,split50,ss4,abd90,20N,TP,195.25771266530813,28.090925472173883,-0.2727760104896938
S3,split50,ss1,abd90,40N,SP,171.41689953953997,22.305632920150742,-0.1509340955451184
S3,split50,ss2,abd90,40N,SP,153.77791169360992,25.14966145918861,-0.4925399490726673
S3,split50,ss3,abd90,40N,SP,138.31724420810835,20.672686477269668,-0.8904349252620071
S3,split50,ss4,abd90,40N,SP,143.7011972939754,-0.4390232696071923,-0.7345420940846307
S3,split50,ss1,abd90,40N,TP,175.1520121002536,12.42019241536818,0.0848158583833974
S3,split50,ss2,abd90,40N,TP,177.79457769293168,13.759755104654856,0.0385109021043633
S3,split50,ss3,abd90,40N,TP,167.24933936476594,12.951396113033212,0.226289018910161
S3,split50,ss4,abd90,40N,TP,195.93692003888805,26.5385703968928,-0.2855543372355347
S3,split50,ss1,ABER,0N,SP,168.97679380135332,22.96970767985904,-0.1948006701574304
S3,split50,ss2,ABER,0N,SP,152.8349490276932,24.94054485614944,-0.5131580082330721
S3,split50,ss3,ABER,0N,SP,138.34138024658552,21.802737330048483,-0.889672935992713
S3,split50,ss4,ABER,0N,SP,146.13188986413803,5.865550518833106,-0.6711649352013191
S3,split50,ss1,ABER,0N,TP,174.49281473025422,13.178657071942562,0.0964156190588673
S3,split50,ss2,ABER,0N,TP,176.8583745883607,14.527406533657905,0.0548867242662142
S3,split50,ss3,ABER,0N,TP,146.12190563438128,6.0522712646307815,0.6714127909706579
S3,split50,ss4,ABER,0N,TP,191.00253674037555,27.389122495744463,-0.194426344240781
S3,split50,ss1,ABER,20N,SP,170.9613195258314,22.38813931269515,-0.1590765513716994
S3,split50,ss2,ABER,20N,SP,153.86357758514674,25.713222681658937,-0.4906834457094863
S3,split50,ss3,ABER,20N,SP,136.73076810822312,22.10877559427008,-0.941338961348707
S3,split50,ss4,ABER,20N,SP,140.5660756007603,4.82440241930624,-0.8224013294773963
S3,split50,ss1,ABER,20N,TP,172.1134662564251,13.06394043798382,0.1385219186822544
S3,split50,ss2,ABER,20N,TP,174.55561730594528,14.334324812103231,0.0953094343719418
S3,split50,ss3,ABER,20N,TP,151.71250217732847,9.018460946295448,0.5381630900894608
S3,split50,ss4,ABER,20N,TP,195.8483777019105,28.66625376817127,-0.283884261899652
S3,split50,ss1,ABER,40N,SP,170.0343838918868,23.26561929958216,-0.1757082757707613
S3,split50,ss2,ABER,40N,SP,151.3764846397628,26.466870363139535,-0.5457499777798911
S3,split50,ss3,ABER,40N,SP,140.05770994622867,21.300456440882545,-0.8373848442146812
S3,split50,ss4,ABER,40N,SP,140.834873952261,3.012964539151437,-0.8145670719343152
S3,split50,ss1,ABER,40N,TP,172.82753101637925,12.872366531415754,0.1258412326947209
S3,split50,ss2,ABER,40N,TP,172.01932287110813,12.756841031547594,0.1401969420424683
S3,split50,ss3,ABER,40N,TP,149.1732433259893,7.577113884631561,0.5967439223747981
S3,split50,ss4,ABER,40N,TP,192.87664740460716,27.617307077021472,-0.2286018087516503
S3,split50,ss1,APP,0N,SP,173.1649421434757,23.57821634143233,-0.1198634012181052
S3,split50,ss2,APP,0N,SP,160.06206634208831,23.10835836920305,-0.3627439508430967
S3,split50,ss3,APP,0N,SP,137.3372998792451,18.02987737198696,-0.9215688338115412
S3,split50,ss4,APP,0N,SP,152.27298604161015,-2.0734634852761507,-0.525613463483644
S3,split50,ss1,APP,0N,TP,173.5412920822012,17.82471770581147,0.1132056299095245
S3,split50,ss2,APP,0N,TP,177.04970891078025,21.22516585779483,0.0515378515729597
S3,split50,ss3,APP,0N,TP,139.14477433265353,7.80838885694519,0.8648564269649173
S3,split50,ss4,APP,0N,TP,177.9253105179989,27.810833756142287,0.0362230298990908
S3,split50,ss1,APP,20N,SP,176.2127280822406,21.446681505753077,-0.0661968030359401
S3,split50,ss2,APP,20N,SP,161.68855526481357,22.52751657196835,-0.3309399904293723
S3,split50,ss3,APP,20N,SP,136.67595165265735,17.662446858344506,-0.9431450907225876
S3,split50,ss4,APP,20N,SP,147.0306094732606,-3.740407765569339,-0.6486483169549807
S3,split50,ss1,APP,20N,TP,168.87978640309947,16.63571594018667,0.1965585986480778
S3,split50,ss2,APP,20N,TP,173.21110671734922,21.22017651741964,0.1190461801306912
S3,split50,ss3,APP,20N,TP,141.25556679896238,9.510288206736254,0.8024251209390421
S3,split50,ss4,APP,20N,TP,176.4518812982703,28.00724239811488,0.0620056351188633
S3,split50,ss1,APP,40N,SP,173.28035902269227,24.51231575290456,-0.1178205457310391
S3,split50,ss2,APP,40N,SP,157.448688006758,24.608623525121537,-0.4152631695959283
S3,split50,ss3,APP,40N,SP,140.74792384767312,18.147599678215165,-0.8170951894173372
S3,split50,ss4,APP,40N,SP,147.44605809923502,-4.444978448965244,-0.6383947442723145
S3,split50,ss1,APP,40N,TP,169.91164980097537,16.385690248668713,0.177918610474539
S3,split50,ss2,APP,40N,TP,173.88199346227938,20.576037783009927,0.1071870439294532
S3,split50,ss3,APP,40N,TP,140.62737277572788,8.76410319108222,0.8206064995327693
S3,split50,ss4,APP,40N,TP,175.4554031602469,26.94053198767328,0.0794840957029841
S4,split50,ss1,abd0,0N,SP,167.9886170016843,17.446545441812063,-0.2127642745254429
S4,split50,ss2,abd0,0N,SP,174.2910637200907,10.808067978816752,-0.100021625494371
S4,split50,ss3,abd0,0N,SP,149.703716430141,4.962942054113422,-0.5842559065582245
S4,split50,ss4,abd0,0N,SP,154.35566198824802,-3.938595721038578,-0.4800713036459101
S4,split50,ss1,abd0,0N,TP,170.5666473266255,18.101856925627715,0.1661470518206199
S4,split50,ss2,abd0,0N,TP,183.1687780998271,22.60009389915942,-0.0553620681357124
S4,split50,ss3,abd0,0N,TP,197.14031563935757,26.74739812655719,-0.3084116479489248
S4,split50,ss4,abd0,0N,TP,192.9896156563433,22.945859064996437,-0.2306803241300536
S4,split50,ss1,abd0,20N,SP,167.9041086744417,18.086822605447875,-0.214306419762269
S4,split50,ss2,abd0,20N,SP,172.62113212774474,12.12079148218336,-0.1295022950698862
S4,split50,ss3,abd0,20N,SP,122.75403998975575,9.651722287867674,-1.5544332141605652
S4,split50,ss4,abd0,20N,SP,142.57323288990813,-3.212261256636354,-0.7652982557151452
S4,split50,ss1,abd0,20N,TP,168.5362436122268,17.05801902122554,0.2027936298562672
S4,split50,ss2,abd0,20N,TP,188.6321699115676,25.08397227039293,-0.1518101427542225
S4,split50,ss3,abd0,20N,TP,237.8032222732021,19.151044596628772,-1.5881711246056656
S4,split50,ss4,abd0,20N,TP,210.35667555409495,18.16713522553517,-0.5856805336354657
S4,split50,ss1,abd0,40N,SP,167.69783670360846,17.078040766155322,-0.2180757662743938
S4,split50,ss2,abd0,40N,SP,174.12065108627513,10.37106745125426,-0.1029762507023547
S4,split50,ss3,abd0,40N,SP,113.13204054550305,10.86503346670321,-2.3408338899338585
S4,split50,ss4,abd0,40N,SP,137.47627731483615,-3.656224470310909,-0.9170928662151954
S4,split50,ss1,abd0,40N,TP,169.79007379477355,18.088897273584685,0.180107148004941
S4,split50,ss2,abd0,40N,TP,189.9844298118939,25.778502686784524,-0.1760472926809289
S4,split50,ss3,abd0,40N,TP,244.1743405583714,15.944361799066996,-2.066256169256428
S4,split50,ss4,abd0,40N,TP,212.2168732591363,16.753890863889488,-0.6301574383053359
S4,split50,ss1,abd90,0N,SP,163.9872736718055,18.683967057153456,-0.2869857804546741
S4,split50,ss2,abd90,0N,SP,171.66541813627893,11.572183397711548,-0.1464982820615173
S4,split50,ss3,abd90,0N,SP,122.46528409286717,12.473075167009032,-1.5717863840287662
S4,split50,ss4,abd90,0N,SP,143.3394332885443,3.921303897761955,-0.7443132907090099
S4,split50,ss1,abd90,0N,TP,182.2583489655157,23.6987187203475,-0.0394360497267066
S4,split50,ss2,abd90,0N,TP,188.9329799867028,23.958720570005923,-0.157184437117043
S4,split50,ss3,abd90,0N,TP,195.7782082384355,27.299414357204025,-0.2825607286725137
S4,split50,ss4,abd90,0N,TP,197.18277319366493,28.78814106099818,-0.3092450083571298
S4,split50,ss1,abd90,20N,SP,161.98486462388485,18.344179617309663,-0.3252117717955757
S4,split50,ss2,abd90,20N,SP,173.8494483306415,8.636538280424112,-0.1077616246905138
S4,split50,ss3,abd90,20N,SP,114.10239217417698,10.755084939473315,-2.23527761579115
S4,split50,ss4,abd90,20N,SP,126.13205834379129,4.362671331180053,-1.3697317764157484
S4,split50,ss1,abd90,20N,TP,180.79006568321384,22.91422008998449,-0.0137901215234665
S4,split50,ss2,abd90,20N,TP,189.7234244079885,24.391377076890297,-0.1713539381613966
S4,split50,ss3,abd90,20N,TP,215.02824525308068,27.170521967390403,-0.7009424644794071
S4,split50,ss4,abd90,20N,TP,214.22121857561996,26.981700079436216,-0.6801408092324591
S4,split50,ss1,abd90,40N,SP,163.66621934504226,18.218399651745557,-0.2930605733187868
S4,split50,ss2,abd90,40N,SP,170.90232618699406,11.142488801501385,-0.1601306517805848
S4,split50,ss3,abd90,40N,SP,112.48097974664032,11.53217160914499,-2.4165519828955038
S4,split50,ss4,abd90,40N,SP,124.18789460948216,4.961449428774023,-1.4721245411317647
S4,split50,ss1,abd90,40N,TP,181.50152111240763,23.35152644640529,-0.0261485798064208
S4,split50,ss2,abd90,40N,TP,188.90874628486435,24.19303592875033,-0.1567330767119222
S4,split50,ss3,abd90,40N,TP,229.2406538218709,25.41712193336991,-1.160368376016213
S4,split50,ss4,abd90,40N,TP,231.17922732175165,25.84119303087711,-1.2428433169789708
S4,split50,ss1,ABER,0N,SP,159.83524158269032,18.297834480958524,-0.3672301721555362
S4,split50,ss2,ABER,0N,SP,170.45092438232166,9.912421275725952,-0.1682221085208025
S4,split50,ss3,ABER,0N,SP,116.59323541063983,12.56143332270236,-1.997542878791352
S4,split50,ss4,ABER,0N,SP,132.51588347138025,7.355640646037998,-1.0907013484031531
S4,split50,ss1,ABER,0N,TP,178.69432392425838,23.31926740160168,0.0227963046126053
S4,split50,ss2,ABER,0N,TP,191.38397495359047,26.010726328911147,-0.2013334462683121
S4,split50,ss3,ABER,0N,TP,204.05707290305483,29.58593567628205,-0.4464227828411685
S4,split50,ss4,ABER,0N,TP,179.6531298427134,28.459853948211133,0.0060541002851598
S4,split50,ss1,ABER,20N,SP,155.71542349112838,20.190253040070036,-0.4511932824220049
S4,split50,ss2,ABER,20N,SP,171.15082412277488,9.13735249183833,-0.1556871462856117
S4,split50,ss3,ABER,20N,SP,112.99057708035596,16.111093908316438,-2.356930009373856
S4,split50,ss4,ABER,20N,SP,120.22306645841198,11.623735163061143,-1.7165820631463582
S4,split50,ss1,ABER,20N,TP,177.06896418945564,22.536517666561885,0.0512008967379272
S4,split50,ss2,ABER,20N,TP,189.5490336115114,24.964594469668885,-0.1681976564991552
S4,split50,ss3,ABER,20N,TP,228.27290587980684,26.86227668709917,-1.1213073789846717
S4,split50,ss4,ABER,20N,TP,217.23298768410783,25.3568196975388,-0.7599491647102501
S4,split50,ss1,ABER,40N,SP,156.50289699880918,20.259695736000875,-0.43475225474048
S4,split50,ss2,ABER,40N,SP,170.49541634996748,10.024468423029225,-0.1674257080288572
S4,split50,ss3,ABER,40N,SP,108.81357506225164,15.369020071337465,-2.9351563653262693
S4,split50,ss4,ABER,40N,SP,116.50648810420743,10.636128734876651,-2.005120205319989
S4,split50,ss1,ABER,40N,TP,181.8101377933234,25.316763582784,-0.031589125444688
S4,split50,ss2,ABER,40N,TP,191.2371094582681,26.24272744580183,-0.1986784829906325
S4,split50,ss3,ABER,40N,TP,247.0411359495644,19.13007886578788,-2.360565018605747
S4,split50,ss4,ABER,40N,TP,226.38944278748545,19.72195063365505,-1.0497284755417424
S4,split50,ss1,APP,0N,SP,159.14121581787668,18.724362526102148,-0.3810388465752809
S4,split50,ss2,APP,0N,SP,171.527238065009,9.350712191732027,-0.1489659706459543
S4,split50,ss3,APP,0N,SP,118.22850070488954,9.507797762673478,-1.8627665889958889
S4,split50,ss4,APP,0N,SP,130.148330585693,4.649594057988479,-1.1854997503560447
S4,split50,ss1,APP,0N,TP,179.95092019925906,23.660347084639923,0.0008714682210204
S4,split50,ss2,APP,0N,TP,190.5218576573708,25.709518731675733,-0.1857335914101876
S4,split50,ss3,APP,0N,TP,208.08154414155493,27.63959747556872,-0.533537833629954
S4,split50,ss4,APP,0N,TP,206.22093258953703,27.275356604611154,-0.4925148848458995
S4,split50,ss1,APP,20N,SP,158.63412384920187,18.439685451935883,-0.3912088318460462
S4,split50,ss2,APP,20N,SP,168.30925037324445,11.349776943512202,-0.2069216766174013
S4,split50,ss3,APP,20N,SP,112.64697283029489,7.4202980140404255,-2.396805323933332
S4,split50,ss4,APP,20N,SP,125.39436691484548,2.235339061971818,-1.4074297226034884
S4,split50,ss1,APP,20N,TP,178.29940992832917,23.211632875746933,0.029689614900179
S4,split50,ss2,APP,20N,TP,191.67051795009976,26.908770376136992,-0.2065462294221296
S4,split50,ss3,APP,20N,TP,223.38960155209085,24.98818458289328,-0.9453092662311452
S4,split50,ss4,APP,20N,TP,220.40814033210864,24.196015811329065,-0.851311721502608
S4,split50,ss1,APP,40N,SP,156.4843430082616,20.518524993989917,-0.4351373438114049
S4,split50,ss2,APP,40N,SP,171.80575388446442,9.908907246794069,-0.1440041366120734
S4,split50,ss3,APP,40N,SP,110.63477990564284,8.741799835570866,-2.6555280679085844
S4,split50,ss4,APP,40N,SP,120.79213473574434,3.307190939503323,-1.6780349797258574
S4,split50,ss1,APP,40N,TP,179.55982310087225,23.850370811923835,0.0076862102904125
S4,split50,ss2,APP,40N,TP,191.43661945194165,26.623853242601072,-0.2023003166948828
S4,split50,ss3,APP,40N,TP,225.83371946685244,24.220341735187333,-1.0295418527346394
S4,split50,ss4,APP,40N,TP,219.3138759293024,24.551406687850225,-0.8188950202211545
S5,split50,ss1,abd0,0N,SP,190.9209969533173,7.896381777229224,0.1929206692044589
S5,split50,ss2,abd0,0N,SP,180.6077459971378,-0.72665424499381,0.0106007803276114
S5,split50,ss3,abd0,0N,SP,170.50757434232384,-10.907355786845097,-0.1672075892067437
S5,split50,ss4,abd0,0N,SP,157.78769881817755,-9.56464753289776,-0.4083687856956836
S5,split50,ss1,abd0,0N,TP,194.81995358230324,26.318561351546144,-0.2645637774889863
S5,split50,ss2,abd0,0N,TP,193.9479577553205,24.432006800957215,-0.2483589283827049
S5,split50,ss3,abd0,0N,TP,191.8180894006252,9.961978597786644,-0.209224549505982
S5,split50,ss4,abd0,0N,TP,196.3946589196237,11.381232179176305,-0.2941999893671748
S5,split50,ss1,abd0,20N,SP,189.7516324478283,8.369035573729724,0.1718591158791266
S5,split50,ss2,abd0,20N,SP,181.72175533796525,-2.2626533095043007,0.0300465483094618
S5,split50,ss3,abd0,20N,SP,169.67206801309223,-9.449061088501756,-0.1822387975329424
S5,split50,ss4,abd0,20N,SP,155.71002002120775,-6.936366150964097,-0.4513083458172168
S5,split50,ss1,abd0,20N,TP,191.4098243183308,23.53244449871735,-0.2018138135356043
S5,split50,ss2,abd0,20N,TP,196.21957688222585,25.67672538222356,-0.2908974144639649
S5,split50,ss3,abd0,20N,TP,187.6456037886459,5.979068497406609,-0.134238680093204
S5,split50,ss4,abd0,20N,TP,193.3268113751426,7.257527224610006,-0.2368841334379946
S5,split50,ss1,abd0,40N,SP,190.15990204594888,8.700466737818248,0.1792059732477314
S5,split50,ss2,abd0,40N,SP,181.1858858513504,-1.207732299571,0.020699142907766
S5,split50,ss3,abd0,40N,SP,168.93589086395772,-8.56471547298462,-0.1955419535661439
S5,split50,ss4,abd0,40N,SP,156.89920046429603,-7.648091596077893,-0.4265661046070473
S5,split50,ss1,abd0,40N,TP,193.2770785400303,27.281181479523287,-0.235958494045016
S5,split50,ss2,abd0,40N,TP,191.4836680738892,24.72031020005112,-0.2031551190877109
S5,split50,ss3,abd0,40N,TP,185.4564434651356,5.598113246897185,-0.0955201667063508
S5,split50,ss4,abd0,40N,TP,186.7835118434544,3.624376431732886,-0.1189480550184697
S5,split50,ss1,abd90,0N,SP,177.35980345768394,23.27893932327557,-0.0461127654568915
S5,split50,ss2,abd90,0N,SP,170.1333765204572,12.5752278307578,-0.1739299271051847
S5,split50,ss3,abd90,0N,SP,147.916880030531,6.145056810872077,-0.6268883501979302
S5,split50,ss4,abd90,0N,SP,147.01635100489906,4.771159389241488,-0.6490044556519241
S5,split50,ss1,abd90,0N,TP,190.7715178316505,23.43192126875543,-0.1902382517379234
S5,split50,ss2,abd90,0N,TP,192.3089770701166,20.71348023883113,-0.2181772184161902
S5,split50,ss3,abd90,0N,TP,188.39755831880447,5.132071478098772,-0.1475979141013825
S5,split50,ss4,abd90,0N,TP,191.94088203704877,5.168445153666834,-0.2114766804706908
S5,split50,ss1,abd90,20N,SP,177.96645351289055,22.507774824117323,-0.0355069921870069
S5,split50,ss2,abd90,20N,SP,171.42290868441697,11.272444516701889,-0.1508268286119934
S5,split50,ss3,abd90,20N,SP,147.27746385736836,6.204903847899927,-0.6425441709950127
S5,split50,ss4,abd90,20N,SP,144.74099630250925,5.578114299057689,-0.7069657857936589
S5,split50,ss1,abd90,20N,TP,189.20932557039413,23.04652918207904,-0.1621316940942469
S5,split50,ss2,abd90,20N,TP,192.86418618887072,21.6412734498553,-0.2283728113623402
S5,split50,ss3,abd90,20N,TP,187.77636128479944,5.563700800831628,-0.1365626692925183
S5,split50,ss4,abd90,20N,TP,191.56798678991012,5.430766984092023,-0.2046883081925484
S5,split50,ss1,abd90,40N,SP,177.6869171734059,22.57954861858293,-0.0403928578143033
S5,split50,ss2,abd90,40N,SP,170.9784380298965,11.432908455769528,-0.1587702335752156
S5,split50,ss3,abd90,40N,SP,139.75309958610887,8.7496734188256,-0.8464696254170013
S5,split50,ss4,abd90,40N,SP,137.97002594756052,8.008893214022784,-0.9013706864080988
S5,split50,ss1,abd90,40N,TP,191.3956764889205,24.996140007909425,-0.2015508832700919
S5,split50,ss2,abd90,40N,TP,192.52351991997185,21.99385479000282,-0.2221236338403106
S5,split50,ss3,abd90,40N,TP,188.57558026205484,6.044608017836574,-0.1507899768877184
S5,split50,ss4,abd90,40N,TP,191.0996810089325,5.230674265178274,-0.1961862320699595
S5,split50,ss1,ABER,0N,SP,170.66801517158655,28.243265153479705,-0.1643295429657321
S5,split50,ss2,ABER,0N,SP,166.73821945258402,18.004846512950966,-0.2356862954753772
S5,split50,ss3,ABER,0N,SP,126.21572625094024,16.366513122792714,-1.3655576596316603
S5,split50,ss4,ABER,0N,SP,126.97363734474484,15.445274528305411,-1.3283159978327546
S5,split50,ss1,ABER,0N,TP,183.6786840201888,17.7323833078483,-0.0642935183279237
S5,split50,ss2,ABER,0N,TP,186.093999119282,20.59770907725125,-0.1067632404271485
S5,split50,ss3,ABER,0N,TP,170.2556148930816,14.657877392316252,0.171730536653508
S5,split50,ss4,ABER,0N,TP,170.6826931134511,12.93242161521905,0.1640664722858827
S5,split50,ss1,ABER,20N,SP,171.99151316447242,27.52793070243572,-0.1406918867603797
S5,split50,ss2,ABER,20N,SP,167.9013800155269,16.189091455670145,-0.2143577627200045
S5,split50,ss3,ABER,20N,SP,122.65339840436688,16.71905655046071,-1.5604504073440943
S5,split50,ss4,ABER,20N,SP,115.01052068097944,17.2469836706902,-2.1434792504013345
S5,split50,ss1,ABER,20N,TP,190.0807514924292,22.621807126476217,-0.1777805416196567
S5,split50,ss2,ABER,20N,TP,182.46220500486027,21.317847557991605,-0.0430000572700059
S5,split50,ss3,ABER,20N,TP,178.9894114362645,19.749869690213146,0.0176399271332492
S5,split50,ss4,ABER,20N,TP,174.39799771022288,15.717051637248714,0.0980861399275015
S5,split50,ss1,ABER,40N,SP,172.48837311029084,27.26497142325829,-0.1318589478296189
S5,split50,ss2,ABER,40N,SP,167.7408933021749,16.20451301955561,-0.2173005671689517
S5,split50,ss3,ABER,40N,SP,118.14342902050032,16.6310803310522,-1.8694224480916504
S5,split50,ss4,ABER,40N,SP,111.40002385450828,16.92534501142586,-2.551696119861385
S5,split50,ss1,ABER,40N,TP,190.291154005476,24.25137000124868,-0.1815711201938918
S5,split50,ss2,ABER,40N,TP,184.51556251375732,23.762697645663728,-0.0789750121637961
S5,split50,ss3,ABER,40N,TP,187.08812556689347,21.94027229340878,-0.1243461265256485
S5,split50,ss4,ABER,40N,TP,176.09302995744315,16.02029357158628,0.0682953772810762
S5,split50,ss1,APP,0N,SP,174.4223806652476,26.45496674957353,-0.0976565006953406
S5,split50,ss2,APP,0N,SP,168.8511858749634,14.969734000026564,-0.1970771400212653
S5,split50,ss3,APP,0N,SP,135.27162450534428,11.84869078777125,-0.9905601971184728
S5,split50,ss4,APP,0N,SP,124.91859423845528,12.7176987447997,-1.4324754594255884
S5,split50,ss1,APP,0N,TP,191.19345297031285,26.671940146138837,-0.1978865671121433
S5,split50,ss2,APP,0N,TP,182.6750948963953,23.694416303335448,-0.0467231690225876
S5,split50,ss3,APP,0N,TP,175.87601188707043,20.88296067834678,0.0721017266966383
S5,split50,ss4,APP,0N,TP,177.52802262475902,19.081827973572548,0.0431709339301038
S5,split50,ss1,APP,20N,SP,176.0009190594373,24.789303578586907,-0.069910692913653
S5,split50,ss2,APP,20N,SP,168.38237456755417,15.008854432151464,-0.2055927257070008
S5,split50,ss3,APP,20N,SP,130.78406391666917,12.810206092841364,-1.1591627987697315
S5,split50,ss4,APP,20N,SP,123.52141755043908,13.196176729530382,-1.5096088194617985
S5,split50,ss1,APP,20N,TP,191.06649716502048,26.84776480706775,-0.195585027490672
S5,split50,ss2,APP,20N,TP,177.21838675957932,21.11500625126633,0.0485864873469477
S5,split50,ss3,APP,20N,TP,176.40312777638977,21.04414567842061,0.0628598613644193
S5,split50,ss4,APP,20N,TP,177.660268698257,19.070527327543896,0.0408587290872921
S5,split50,ss1,APP,40N,SP,173.6245039330449,27.438839277082536,-0.1117349376612297
S5,split50,ss2,APP,40N,SP,168.65198437174072,15.29473893889243,-0.2007004420355569
S5,split50,ss3,APP,40N,SP,131.37282224503676,12.051687592211112,-1.135352234091356
S5,split50,ss4,APP,40N,SP,120.77980307723352,12.699670904712908,-1.6788608682219197
S5,split50,ss1,APP,40N,TP,192.6020522864817,27.169985691411718,-0.2235637258545031
S5,split50,ss2,APP,40N,TP,181.01752101321551,22.73137717115734,-0.0177609591101788
S5,split50,ss3,APP,40N,TP,176.20737810576492,20.627706315878243,0.0662905874898098
S5,split50,ss4,APP,40N,TP,174.7976082137791,17.830007053161065,0.0910492197101473
S6,split50,ss1,abd0,0N,SP,199.66864787315177,-18.03686380820982,0.3574346090476987
S6,split50,ss2,abd0,0N,SP,180.57851563379816,-6.937239412686546,0.0100968316825289
S6,split50,ss3,abd0,0N,SP,168.32940658871811,-15.847904819254618,-0.2065579805399569
S6,split50,ss4,abd0,0N,SP,166.77715087791688,-19.72933172262426,-0.2349686529369031
S6,split50,ss1,abd0,0N,TP,183.8592516734099,21.84315584008717,-0.0674586974286325
S6,split50,ss2,abd0,0N,TP,197.28247268338237,31.34494230514104,-0.311129762065256
S6,split50,ss3,abd0,0N,TP,192.261862240818,18.44283674054983,-0.2173380884333546
S6,split50,ss4,abd0,0N,TP,184.8020615091164,8.349022646855426,-0.0840085801092229
S6,split50,ss1,abd0,20N,SP,199.2522091703851,-18.022014389727968,0.3492445831007085
S6,split50,ss2,abd0,20N,SP,180.6662376651165,-8.044744154890545,0.0116283174290074
S6,split50,ss3,abd0,20N,SP,170.33214727751664,-19.55659622159881,-0.1703568287061487
S6,split50,ss4,abd0,20N,SP,161.03483222626878,-15.964246742025528,-0.3436502157095304
S6,split50,ss1,abd0,20N,TP,190.7107769005832,27.99858762786577,-0.1891467763430834
S6,split50,ss2,abd0,20N,TP,196.19873409017575,30.28487291738502,-0.2905027998498936
S6,split50,ss3,abd0,20N,TP,187.1356017901069,13.922039699257372,-0.1251876418685844
S6,split50,ss4,abd0,20N,TP,184.39033404803664,6.838388809627437,-0.0767726271527024
S6,split50,ss1,abd0,40N,SP,199.40350791111257,-18.38721243768587,0.3522244090522996
S6,split50,ss2,abd0,40N,SP,181.742216810171,-9.712829461491808,0.0304042609201474
S6,split50,ss3,abd0,40N,SP,172.9238892176176,-22.60933646551816,-0.1241331921912291
S6,split50,ss4,abd0,40N,SP,162.70113511819775,-17.78894996196127,-0.3114435826071171
S6,split50,ss1,abd0,40N,TP,187.0357543395096,25.38869412803727,-0.1234180483908713
S6,split50,ss2,abd0,40N,TP,197.62956370183144,32.264262657690495,-0.3177866848166319
S6,split50,ss3,abd0,40N,TP,188.9209255908236,15.620917999432145,-0.1569700189076584
S6,split50,ss4,abd0,40N,TP,182.54658024261624,5.8227207679619495,-0.0444755003642291
S6,split50,ss1,abd90,0N,SP,201.6450346373683,-18.06751744802947,0.3968375077088972
S6,split50,ss2,abd90,0N,SP,185.58259847720703,-11.892508534712332,0.0977442326402732
S6,split50,ss3,abd90,0N,SP,175.76281168153304,-21.721128101457232,-0.0740875962197869
S6,split50,ss4,abd90,0N,SP,163.1329904773292,-18.544172363888915,-0.3031940758393263
S6,split50,ss1,abd90,0N,TP,195.72381268811665,18.092931658894276,-0.2815358227003657
S6,split50,ss2,abd90,0N,TP,200.74506405818025,19.628984848983755,-0.3787675977679459
S6,split50,ss3,abd90,0N,TP,202.0215108491946,18.46867855956953,-0.4044597270037802
S6,split50,ss4,abd90,0N,TP,197.09184821745407,12.68157450957789,-0.3074826916554425
S6,split50,ss1,abd90,20N,SP,204.531808506322,-21.42340285144016,0.4563968882890004
S6,split50,ss2,abd90,20N,SP,185.3755525285586,-12.13515052575014,0.0941082518827549
S6,split50,ss3,abd90,20N,SP,177.01797116583091,-23.666415908334468,-0.052089762334407
S6,split50,ss4,abd90,20N,SP,163.63511402486475,-19.44869004862512,-0.293643735837728
S6,split50,ss1,abd90,20N,TP,195.77479520841985,18.437403038345213,-0.2824964051522714
S6,split50,ss2,abd90,20N,TP,197.94188468931029,17.577196377080796,-0.3237922061077381
S6,split50,ss3,abd90,20N,TP,201.80637141794875,18.590881555595637,-0.4001004618509361
S6,split50,ss4,abd90,20N,TP,197.81126508158508,13.007372689179611,-0.3212784212935176
S6,split50,ss1,abd90,40N,SP,203.05460925805448,-19.266667921517868,0.4256001136956334
S6,split50,ss2,abd90,40N,SP,185.21200826057145,-11.155756837580386,0.091260583702021
S6,split50,ss3,abd90,40N,SP,176.44595812547905,-22.46687743861653,-0.0621087599595227
S6,split50,ss4,abd90,40N,SP,163.90220460718697,-18.894017455601865,-0.2885811654235052
S6,split50,ss1,abd90,40N,TP,193.34172500749565,16.62545231449923,-0.2371590484319304
S6,split50,ss2,abd90,40N,TP,199.05996833987064,19.03262657701019,-0.3454987339003991
S6,split50,ss3,abd90,40N,TP,201.94384765443095,19.28900557632827,-0.402886558053362
S6,split50,ss4,abd90,40N,TP,196.0696372760695,12.061601876949611,-0.2880606085778185
S6,split50,ss1,ABER,0N,SP,180.34336006807015,6.054578220936594,0.0059928354485379
S6,split50,ss2,ABER,0N,SP,167.6083818487379,10.182177795133969,-0.2196981979764813
S6,split50,ss3,ABER,0N,SP,154.70813079125318,13.25724614966783,-0.4725116578706426
S6,split50,ss4,ABER,0N,SP,149.24959304375707,8.310628648600737,-0.5949126001917918
S6,split50,ss1,ABER,0N,TP,194.0054112709969,16.842578183530623,-0.249428320791754
S6,split50,ss2,ABER,0N,TP,194.17250903987207,12.939398206936476,-0.2525284336678189
S6,split50,ss3,ABER,0N,TP,198.80298606694848,18.98731911599405,-0.3404859261520725
S6,split50,ss4,ABER,0N,TP,200.55019928124503,22.712111789314427,-0.3748836254890481
S6,split50,ss1,ABER,20N,SP,183.717400948898,4.774880710295803,0.0649720790621879
S6,split50,ss2,ABER,20N,SP,170.6235521941781,9.582036185309436,-0.1650831441434536
S6,split50,ss3,ABER,20N,SP,155.87630634140976,14.122237030490291,-0.4477272179769885
S6,split50,ss4,ABER,20N,SP,149.837582287345,9.031052799199587,-0.5811361071399606
S6,split50,ss1,ABER,20N,TP,190.83919079740312,14.675318854148085,-0.1914691939852567
S6,split50,ss2,ABER,20N,TP,194.9365035682929,13.346923133258333,-0.2667611550534391
S6,split50,ss3,ABER,20N,TP,201.2983141047623,21.478073851919053,-0.3898493330701026
S6,split50,ss4,ABER,20N,TP,202.6022691829989,23.831772531850543,-0.4163014265018394
S6,split50,ss1,ABER,40N,SP,180.5433495048646,5.922556255958343,0.0094835221407477
S6,split50,ss2,ABER,40N,SP,167.1771312940203,10.571797440532546,-0.2276133846468836
S6,split50,ss3,ABER,40N,SP,154.51114402338226,12.074441016494603,-0.4766677383837444
S6,split50,ss4,ABER,40N,SP,147.89786869862533,7.341339348730971,-0.627350654528533
S6,split50,ss1,ABER,40N,TP,197.65718851186185,15.203807089937548,-0.3183176010234237
S6,split50,ss2,ABER,40N,TP,196.1405220892772,10.414808988987366,-0.2894014898715815
S6,split50,ss3,ABER,40N,TP,202.49838395213345,20.321614354631546,-0.4141805181289781
S6,split50,ss4,ABER,40N,TP,220.10693450186568,24.07311018239939,-0.8422850640322299
S6,split50,ss1,APP,0N,SP,181.9313103882827,8.885872512150385,0.0337204973180021
S6,split50,ss2,APP,0N,SP,169.05117400973313,13.194812315554884,-0.193442528977196
S6,split50,ss3,APP,0N,SP,154.85467186061302,9.102427829245196,-0.4693993098764639
S6,split50,ss4,APP,0N,SP,155.2214647776101,-1.2510986470523016,-0.4616178050063113
S6,split50,ss1,APP,0N,TP,189.49253719366885,24.376444619241678,-0.1672087139798205
S6,split50,ss2,APP,0N,TP,192.95272121591327,23.55296763707434,-0.2299992043412377
S6,split50,ss3,APP,0N,TP,180.1840963210268,21.18113221416543,-0.0032130979998073
S6,split50,ss4,APP,0N,TP,181.0352120414061,22.80415529098531,-0.0180698249046596
S6,split50,ss1,APP,20N,SP,181.30260066161344,10.442970181443815,0.0227385881140575
S6,split50,ss2,APP,20N,SP,172.65726926181924,12.601474742156102,-0.128772230700895
S6,split50,ss3,APP,20N,SP,151.9104768370878,5.677805802397022,-0.5337153083871757
S6,split50,ss4,APP,20N,SP,156.7980328135781,-3.770023198216771,-0.4286429929915139
S6,split50,ss1,APP,20N,TP,187.2765491323161,24.954227852430687,-0.1276869647086657
S6,split50,ss2,APP,20N,TP,188.19972182695844,23.24154682694465,-0.144097245488688
S6,split50,ss3,APP,20N,TP,178.09298736715115,21.78612065259312,0.0332959453258015
S6,split50,ss4,APP,20N,TP,189.2781573375909,23.723578927826622,-0.1633649217516033
S6,split50,ss1,APP,40N,SP,181.808966067757,10.515173772654654,0.031582908766841
S6,split50,ss2,APP,40N,SP,168.42567455698102,15.452320522034588,-0.2048035762841828
S6,split50,ss3,APP,40N,SP,149.84292955787797,2.017727483336054,-0.5810113397796715
S6,split50,ss4,APP,40N,SP,152.29435221287034,-5.070062259801916,-0.5251389794253671
S6,split50,ss1,APP,40N,TP,187.719731493054,24.59802681195212,-0.1355559959316289
S6,split50,ss2,APP,40N,TP,190.25853738452724,23.82848032790458,-0.1809833394502914
S6,split50,ss3,APP,40N,TP,179.56513165229086,21.500281183832517,0.0075900302254721
S6,split50,ss4,APP,40N,TP,191.3028738087733,23.11038583190743,-0.1998718783288817
S7,split50,ss1,abd0,0N,SP,197.7409286166656,-1.035636471768412,0.3199705302256904
S7,split50,ss2,abd0,0N,SP,188.4733947691972,-8.029666523126924,0.1489782411285868
S7,split50,ss3,abd0,0N,SP,167.1605650744505,-12.809528784383312,-0.2279183350099135
S7,split50,ss4,abd0,0N,SP,159.00839913814286,-17.201449833206546,-0.3836859521757166
S7,split50,ss1,abd0,0N,TP,174.89516709533316,22.740377800962523,0.0893326449649462
S7,split50,ss2,abd0,0N,TP,167.70676414583428,20.921675906631236,0.2179115946600733
S7,split50,ss3,abd0,0N,TP,166.34680626779473,17.18282847593039,0.2429084254586955
S7,split50,ss4,abd0,0N,TP,167.590291977573,12.932929665497612,0.2200418936212856
S7,split50,ss1,abd0,20N,SP,195.8983832598817,-1.2801884183773156,0.2848394139336775
S7,split50,ss2,abd0,20N,SP,188.2529846104724,-9.26687954314072,0.1450594612920556
S7,split50,ss3,abd0,20N,SP,173.76075711670316,-26.75094453211579,-0.1093278166159928
S7,split50,ss4,abd0,20N,SP,153.15631448901203,-11.58583857199769,-0.5060803810721366
S7,split50,ss1,abd0,20N,TP,175.8315431319578,21.65993612488345,0.0728819315199839
S7,split50,ss2,abd0,20N,TP,167.905836841799,20.249419366498863,0.2142748724886614
S7,split50,ss3,abd0,20N,TP,167.31168059465222,16.066688032922148,0.2251455243147014
S7,split50,ss4,abd0,20N,TP,165.69559957406642,13.850977542698717,0.254978610130435
S7,split50,ss1,abd0,40N,SP,195.0905655669181,-0.4909640384104657,0.2696448798290735
S7,split50,ss2,abd0,40N,SP,188.9974336284203,-9.489006000211706,0.158339327430855
S7,split50,ss3,abd0,40N,SP,176.47107707832456,-27.78030017061256,-0.0615609782116287
S7,split50,ss4,abd0,40N,SP,153.02663627419022,-12.164253143644777,-0.5089399765297972
S7,split50,ss1,abd0,40N,TP,175.93997932439714,21.88876889143161,0.0709795701624183
S7,split50,ss2,abd0,40N,TP,168.2520410748071,19.043810615376067,0.2079631347127575
S7,split50,ss3,abd0,40N,TP,168.17655976204006,15.350510247072023,0.2093378852608399
S7,split50,ss4,abd0,40N,TP,166.8467592320424,12.980767333229812,0.2336870485131268
S7,split50,ss1,abd90,0N,SP,204.84743634210025,-10.666925839815834,0.4630721179906824
S7,split50,ss2,abd90,0N,SP,196.05776518626533,-16.31088385863763,0.2878458529269629
S7,split50,ss3,abd90,0N,SP,179.78396569875002,-22.89778958629307,-0.003755084319785
S7,split50,ss4,abd90,0N,SP,165.23842574030687,-22.38570882302001,-0.2634868682140014
S7,split50,ss1,abd90,0N,TP,177.7605193342363,22.443621557221626,0.0391062278934679
S7,split50,ss2,abd90,0N,TP,167.40033882657835,22.14231217197585,0.2235202737963658
S7,split50,ss3,abd90,0N,TP,168.7273000170705,15.521453625072626,0.1993242649868161
S7,split50,ss4,abd90,0N,TP,168.91450891132337,11.94980772499149,0.1959292376118538
S7,split50,ss1,abd90,20N,SP,201.0163898389144,-10.132424219600622,0.3841922786454509
S7,split50,ss2,abd90,20N,SP,193.74151182064747,-16.599350162772573,0.244541431615351
S7,split50,ss3,abd90,20N,SP,178.29933474505634,-23.49706839051424,-0.0296909282525277
S7,split50,ss4,abd90,20N,SP,162.5136323079638,-21.01000013613996,-0.3149884366439466
S7,split50,ss1,abd90,20N,TP,176.1938952385475,23.892808865001285,0.0665269457087827
S7,split50,ss2,abd90,20N,TP,168.51707561537748,21.567838550498436,0.203141956391733
S7,split50,ss3,abd90,20N,TP,167.61077712819397,16.92346053115881,0.2196670785626912
S7,split50,ss4,abd90,20N,TP,169.54636674151493,12.37912433882877,0.1845021197020275
S7,split50,ss1,abd90,40N,SP,201.350503595729,-8.275174029690099,0.3909315190946363
S7,split50,ss2,abd90,40N,SP,192.76764906124043,-14.282172496440984,0.226604494533934
S7,split50,ss3,abd90,40N,SP,177.06324183383197,-21.398334409175277,-0.0512993627490283
S7,split50,ss4,abd90,40N,SP,162.0687798832945,-19.941121057203155,-0.323592133549054
S7,split50,ss1,abd90,40N,TP,177.41379444225532,23.333826308279352,0.0451684820241019
S7,split50,ss2,abd90,40N,TP,168.80025300007307,21.529121030112307,0.1980007432060164
S7,split50,ss3,abd90,40N,TP,168.57396011623803,16.65117670734473,0.2021083722403853
S7,split50,ss4,abd90,40N,TP,168.48731887226845,13.261979799583688,0.2036827986090882
S7,split50,ss1,ABER,0N,SP,156.49396769660495,26.117718702871837,-0.4349375693470617
S7,split50,ss2,ABER,0N,SP,147.83834741772998,25.327224633160025,-0.6287700474165147
S7,split50,ss3,ABER,0N,SP,142.96541397760117,16.951325035818858,-0.7545042662813752
S7,split50,ss4,ABER,0N,SP,148.17458828886717,12.370561734972089,-0.6206413572534264
S7,split50,ss1,ABER,0N,TP,185.9289416910928,26.905512339024856,-0.1038504962152243
S7,split50,ss2,ABER,0N,TP,177.6503699557125,32.230817429600705,0.0410317843809876
S7,split50,ss3,ABER,0N,TP,179.09467076153712,23.93118241534009,0.0158022911714333
S7,split50,ss4,ABER,0N,TP,175.82598755420526,21.53329032200249,0.072979410379182
S7,split50,ss1,ABER,20N,SP,160.59472610338446,25.03479502763206,-0.3522590555624786
S7,split50,ss2,ABER,20N,SP,147.7971552729136,25.498896533971287,-0.6298029499787051
S7,split50,ss3,ABER,20N,SP,129.7747447720758,14.956591479083144,-1.201313618943828
S7,split50,ss4,ABER,20N,SP,140.5047047709305,10.00102372199557,-0.8242336116028519
S7,split50,ss1,ABER,20N,TP,186.58575030018216,26.096636421480028,-0.1154519212397536
S7,split50,ss2,ABER,20N,TP,166.52328693771264,36.6393806376195,0.2396489413099355
S7,split50,ss3,ABER,20N,TP,176.51846334753648,24.27978595873997,0.0608391748288526
S7,split50,ss4,ABER,20N,TP,173.91941490109835,21.881735008457547,0.1065264589421377
S7,split50,ss1,ABER,40N,SP,158.01257963874693,25.2595011762429,-0.4037376131602374
S7,split50,ss2,ABER,40N,SP,150.44499425423507,23.816249573482523,-0.5670497239242627
S7,split50,ss3,ABER,40N,SP,122.7413602873477,11.727631266505291,-1.5552024975958132
S7,split50,ss4,ABER,40N,SP,133.6424787244198,7.100849427045172,-1.0485457204888684
S7,split50,ss1,ABER,40N,TP,185.6956889429065,26.84170772715644,-0.0997372782874968
S7,split50,ss2,ABER,40N,TP,181.26408044378329,30.81106213038566,-0.0220659460551793
S7,split50,ss3,ABER,40N,TP,180.74697320298245,22.33954172322325,-0.0130378804946909
S7,split50,ss4,ABER,40N,TP,176.64925120891232,21.209528515520628,0.0585483610678721
S7,split50,ss1,APP,0N,SP,168.3713843105867,22.97226377422235,-0.2057833034294771
S7,split50,ss2,APP,0N,SP,166.62024140513685,18.64938282964144,-0.2378604111437537
S7,split50,ss3,APP,0N,SP,146.36014669927152,3.1936737605304457,-0.6654020971688334
S7,split50,ss4,APP,0N,SP,154.93551521458338,-1.9352452110369445,-0.4676792841366085
S7,split50,ss1,APP,0N,TP,190.0126890483221,26.548426815529226,-0.1765553409363352
S7,split50,ss2,APP,0N,TP,175.16690125625644,34.046668495487154,0.0845541299539386
S7,split50,ss3,APP,0N,TP,179.85185927559925,23.64958584202443,0.0025855491585498
S7,split50,ss4,APP,0N,TP,176.13344228590637,21.29497352473316,0.0675867932734267
S7,split50,ss1,APP,20N,SP,171.72861771820828,21.28366209931432,-0.1453741569458306
S7,split50,ss2,APP,20N,SP,165.76392020161106,18.614085893847964,-0.2537090386903541
S7,split50,ss3,APP,20N,SP,146.7404844416945,2.700830607914652,-0.6558662492620156
S7,split50,ss4,APP,20N,SP,155.6591371679592,-2.6987274856033303,-0.452376477439558
S7,split50,ss1,APP,20N,TP,185.79810441333723,28.815556252521247,-0.1015428703465276
S7,split50,ss2,APP,20N,TP,171.2342479182537,35.22546572502955,0.1541961715855471
S7,split50,ss3,APP,20N,TP,180.00357269972258,23.334107121482607,-6.235537342389114e-05
S7,split50,ss4,APP,20N,TP,175.61940054469997,21.30386309502085,0.0766052072083936
S7,split50,ss1,APP,40N,SP,169.08050601838897,21.540005005506107,-0.192921983857954
S7,split50,ss2,APP,40N,SP,163.70629845321267,18.749295869899623,-0.2923052751774551
S7,split50,ss3,APP,40N,SP,145.4640263260852,1.9842816418327345,-0.6882063396501247
S7,split50,ss4,APP,40N,SP,154.92137193001926,-3.465872409046181,-0.4679830685322546
S7,split50,ss1,APP,40N,TP,,,
S7,split50,ss2,APP,40N,TP,,,
S7,split50,ss3,APP,40N,TP,,,
S7,split50,ss4,APP,40N,TP,,,
S9,split50,ss1,abd0,0N,SP,183.10893213746303,8.839684243068387,0.0543144178719318
S9,split50,ss2,abd0,0N,SP,161.75812237632744,10.42755983654366,-0.3295933777024158
S9,split50,ss3,abd0,0N,SP,152.28966099823938,2.844162452643449,-0.5252419474677074
S9,split50,ss4,abd0,0N,SP,142.04328118614524,0.8589494921211153,-0.7800698434721658
S9,split50,ss1,abd0,0N,TP,162.8384740995431,26.88074829774165,0.3088160179793655
S9,split50,ss2,abd0,0N,TP,166.84344779962063,21.22348429401905,0.2337480009208585
S9,split50,ss3,abd0,0N,TP,166.09446687806235,15.36950799897284,0.2475774686703022
S9,split50,ss4,abd0,0N,TP,163.83682948254358,14.66407453600372,0.2898299353303752
S9,split50,ss1,abd0,20N,SP,191.3571073361084,8.37476477616496,0.2008564321576718
S9,split50,ss2,abd0,20N,SP,177.0221466852164,3.9701594628920382,-0.0520201928989274
S9,split50,ss3,abd0,20N,SP,165.65466590695223,-17.401302246803596,-0.2557396111395431
S9,split50,ss4,abd0,20N,SP,158.80107688920202,-16.645849106078867,-0.3878528148387633
S9,split50,ss1,abd0,20N,TP,163.71595126784734,27.064743823841457,0.2921182804533501
S9,split50,ss2,abd0,20N,TP,170.12007829422032,19.370081201846816,0.1741668544516097
S9,split50,ss3,abd0,20N,TP,169.11741184601067,7.402034116982763,0.1922544274906979
S9,split50,ss4,abd0,20N,TP,171.52420957589965,7.449212815199123,0.1490190541763636
S9,split50,ss1,abd0,40N,SP,193.6596945740186,6.565882211756248,0.2430285845801427
S9,split50,ss2,abd0,40N,SP,176.6910609417805,3.986776154527305,-0.0578161733155006
S9,split50,ss3,abd0,40N,SP,161.85780693425306,-16.874555329219177,-0.3276656572531604
S9,split50,ss4,abd0,40N,SP,161.05337348814794,-19.554395068875827,-0.3432859588515067
S9,split50,ss1,abd0,40N,TP,165.62759308185534,26.360982022699687,0.2562430854009129
S9,split50,ss2,abd0,40N,TP,169.75059065921278,20.04147294072561,0.1808188114364156
S9,split50,ss3,abd0,40N,TP,171.84943062626385,3.975213373413264,0.1432213287755644
S9,split50,ss4,abd0,40N,TP,168.24695181647616,7.81377060104669,0.2080558022721829
S9,split50,ss1,abd90,0N,SP,200.34099733578552,2.99095357365522,0.3707248965324119
S9,split50,ss2,abd90,0N,SP,181.9718222562322,4.823354619110738,0.034428383779999
S9,split50,ss3,abd90,0N,SP,179.20490004106207,-10.852004291400728,-0.0138780030260091
S9,split50,ss4,abd90,0N,SP,166.0059822273453,-8.39278329822315,-0.2492171056024891
S9,split50,ss1,abd90,0N,TP,171.63242172921116,23.142332295939624,0.1470889958937467
S9,split50,ss2,abd90,0N,TP,172.61804198903468,20.679242351305074,0.1295571330513276
S9,split50,ss3,abd90,0N,TP,166.0838284244146,19.9829957349695,0.2477745347143825
S9,split50,ss4,abd90,0N,TP,164.04854687122406,22.71370122014883,0.2858286378256466
S9,split50,ss1,abd90,20N,SP,200.51233790025424,2.454793023186618,0.3741301381366648
S9,split50,ss2,abd90,20N,SP,182.48406613133076,3.954100501669902,0.0433823176805711
S9,split50,ss3,abd90,20N,SP,180.47933487974825,-18.73757295968312,0.0083661670534051
S9,split50,ss4,abd90,20N,SP,168.1673291122162,-14.413598179957123,-0.2095060561753392
S9,split50,ss1,abd90,20N,TP,173.11246318092066,23.48536450839725,0.1207925935667367
S9,split50,ss2,abd90,20N,TP,171.60396877940255,22.573409686734312,0.1475963746285699
S9,split50,ss3,abd90,20N,TP,164.33318273829127,21.987615102635168,0.2804625181726611
S9,split50,ss4,abd90,20N,TP,167.71571505327643,18.653475497357,0.2177479591111537
S9,split50,ss1,abd90,40N,SP,201.27760543601283,2.106807204725501,0.3894335034682431
S9,split50,ss2,abd90,40N,SP,184.92073861663889,2.222992181602058,0.0860948705189361
S9,split50,ss3,abd90,40N,SP,179.93299272833983,-20.723095764384563,-0.0011694980464345
S9,split50,ss4,abd90,40N,SP,168.6051742614355,-17.438111739464897,-0.2015413915519752
S9,split50,ss1,abd90,40N,TP,171.61274670345114,24.99739306148256,0.147439836996324
S9,split50,ss2,abd90,40N,TP,172.1988602694998,22.61269267163719,0.1370032260048838
S9,split50,ss3,abd90,40N,TP,169.36713609816104,17.03749985435487,0.1877386490389217
S9,split50,ss4,abd90,40N,TP,171.54646053304342,13.7629582772905,0.1486226136002447
S9,split50,ss1,ABER,0N,SP,183.41667236866843,20.782383759231863,0.0597029669379457
S9,split50,ss2,ABER,0N,SP,173.0878005294406,23.199519619327727,-0.1212293413237828
S9,split50,ss3,ABER,0N,SP,165.43205011801632,21.26737665590033,-0.2598832422060187
S9,split50,ss4,ABER,0N,SP,160.83651287107193,18.908824648983558,-0.3475224516325785
S9,split50,ss1,ABER,0N,TP,175.30122049900098,18.48707216024681,0.0821935200843528
S9,split50,ss2,ABER,0N,TP,172.6057993784267,20.403838557777924,0.1297743994600145
S9,split50,ss3,ABER,0N,TP,162.30141404327662,24.72628992275133,0.3191135162342983
S9,split50,ss4,ABER,0N,TP,166.23589892775655,21.91930088057653,0.2449593055003862
S9,split50,ss1,ABER,20N,SP,183.4014364671837,22.026843906987928,0.0594361066778523
S9,split50,ss2,ABER,20N,SP,169.40595591898398,26.062513074434488,-0.187037324234098
S9,split50,ss3,ABER,20N,SP,143.95074768320157,21.63001558117134,-0.7278567240983562
S9,split50,ss4,ABER,20N,SP,159.3435113173216,16.255045356957726,-0.3770009119425039
S9,split50,ss1,ABER,20N,TP,174.76580725609244,20.743419574635126,0.09160888065559
S9,split50,ss2,ABER,20N,TP,172.2492371610475,22.244597227027317,0.136107587755403
S9,split50,ss3,ABER,20N,TP,167.32202226017893,24.27708909279914,0.2249558864659823
S9,split50,ss4,ABER,20N,TP,162.3977684863985,24.29699722708921,0.3172615525485575
S9,split50,ss1,ABER,40N,SP,182.6347384445968,23.93137031127561,0.0460173015364484
S9,split50,ss2,ABER,40N,SP,174.55992923184377,24.77528847242798,-0.0952334939835524
S9,split50,ss3,ABER,40N,SP,133.20527481583184,18.479632513903542,-1.0646953978406086
S9,split50,ss4,ABER,40N,SP,149.23094355115467,13.78480706559467,-0.595387891641148
S9,split50,ss1,ABER,40N,TP,174.78677134039134,21.8965650874202,0.091239930073724
S9,split50,ss2,ABER,40N,TP,170.81663213204112,24.5449736825605,0.1616667717246321
S9,split50,ss3,ABER,40N,TP,167.8107020596565,20.76585103467281,0.2160121432014049
S9,split50,ss4,ABER,40N,TP,168.28526032366096,19.75580733651472,0.2073583473600051
S9,split50,ss1,APP,0N,SP,181.47807589909712,22.754560141026506,0.0258030152584096
S9,split50,ss2,APP,0N,SP,175.60839872473952,21.59408989454278,-0.0767983548641218
S9,split50,ss3,APP,0N,SP,161.7711472343762,19.98129897574576,-0.3293413750191329
S9,split50,ss4,APP,0N,SP,157.9134436607926,16.603834675933133,-0.405784594817496
S9,split50,ss1,APP,0N,TP,177.46840839599824,24.40497917772312,0.0442133848483797
S9,split50,ss2,APP,0N,TP,175.14503196648505,25.57361358403685,0.0849385623539661
S9,split50,ss3,APP,0N,TP,163.60109476472851,25.84026994368624,0.2942956772685382
S9,split50,ss4,APP,0N,TP,156.67843570455557,25.3165571213264,0.4311156780393014
S9,split50,ss1,APP,20N,SP,182.31622578428212,23.86548793014089,0.0404478023964301
S9,split50,ss2,APP,20N,SP,176.69173979227708,22.748738683118848,-0.0578042855423247
S9,split50,ss3,APP,20N,SP,157.36696019008346,18.71964513294148,-0.4169365582060738
S9,split50,ss4,APP,20N,SP,163.135688969779,14.876201612119752,-0.303142970523396
S9,split50,ss1,APP,20N,TP,177.18237115155196,23.803245820343744,0.0492165814970144
S9,split50,ss2,APP,20N,TP,172.33063670701807,26.575566733860896,0.1346608577694689
S9,split50,ss3,APP,20N,TP,165.654078104744,24.89058883874408,0.2557505412243505
S9,split50,ss4,APP,20N,TP,156.82151089193246,25.34136755537964,0.4281562160609955
S9,split50,ss1,APP,40N,SP,185.21470681857275,24.60311409073889,0.0912659436431607
S9,split50,ss2,APP,40N,SP,180.1049200594624,22.948249414777205,0.001831202535861
S9,split50,ss3,APP,40N,SP,133.3805967675379,14.03696901315267,-1.0581879514439014
S9,split50,ss4,APP,40N,SP,151.6927887302569,9.141171459833677,-0.5386068846488695
S9,split50,ss1,APP,40N,TP,177.90800861387547,24.638948405982795,0.0365283714854509
S9,split50,ss2,APP,40N,TP,171.1500282756207,28.625147870392446,0.1557013731458636
S9,split50,ss3,APP,40N,TP,171.7532909987257,23.83073635234907,0.1449344536814776
S9,split50,ss4,APP,40N,TP,145.38940664072354,25.36999144123954,0.6901267040238777
